Sleep Start,Sleep End
5/1/25 2:45,5/1/25 4:30
5/1/25 0:35,5/1/25 2:15
4/30/25 21:45,4/30/25 23:40
4/30/25 19:20,4/30/25 21:00
4/30/25 16:15,4/30/25 18:40
4/30/25 14:00,4/30/25 16:00
4/30/25 10:25,4/30/25 12:40
4/30/25 7:10,4/30/25 10:00
4/30/25 4:10,4/30/25 6:30
4/30/25 1:45,4/30/25 3:54
4/30/25 1:00,4/30/25 1:35
4/29/25 23:30,4/30/25 0:45
4/29/25 19:30,4/29/25 21:40
4/29/25 16:20,4/29/25 18:40
4/29/25 14:10,4/29/25 15:50
4/29/25 13:30,4/29/25 14:05
4/29/25 11:02,4/29/25 13:10
4/29/25 8:00,4/29/25 10:10
4/29/25 5:20,4/29/25 7:35
4/29/25 2:05,4/29/25 4:20
4/28/25 23:10,4/29/25 1:20
4/28/25 20:00,4/28/25 22:30
4/28/25 18:05,4/28/25 19:35
4/28/25 16:45,4/28/25 18:00
4/28/25 14:15,4/28/25 16:20
4/28/25 11:00,4/28/25 14:00
4/28/25 7:00,4/28/25 10:30
4/28/25 4:11,4/28/25 5:48
4/28/25 1:37,4/28/25 3:31
4/27/25 23:00,4/28/25 0:00
4/27/25 20:30,4/27/25 21:50
4/27/25 18:30,4/27/25 19:50
4/27/25 17:30,4/27/25 18:25
4/27/25 14:50,4/27/25 17:05
4/27/25 12:30,4/27/25 14:00
4/27/25 9:23,4/27/25 12:00
4/27/25 7:05,4/27/25 8:55
4/27/25 4:10,4/27/25 6:30
4/26/25 19:20,4/26/25 20:00
4/26/25 18:10,4/26/25 18:40
4/26/25 15:20,4/26/25 17:50
4/26/25 12:25,4/26/25 15:00
4/26/25 8:40,4/26/25 9:10
4/26/25 6:50,4/26/25 8:30
4/26/25 4:19,4/26/25 6:13
4/26/25 4:10,4/26/25 6:30
4/26/25 1:41,4/26/25 3:33
4/26/25 1:30,4/26/25 3:40
4/25/25 22:30,4/26/25 0:50
4/25/25 20:00,4/25/25 22:15
4/25/25 19:20,4/25/25 19:42
4/25/25 17:00,4/25/25 19:00
4/25/25 14:10,4/25/25 16:20
4/25/25 12:00,4/25/25 13:50
4/25/25 9:40,4/25/25 11:30
4/25/25 6:35,4/25/25 9:15
4/25/25 3:15,4/25/25 5:34
4/25/25 1:15,4/25/25 2:55
4/24/25 19:10,4/24/25 21:40
4/24/25 16:30,4/24/25 19:00
4/24/25 13:55,4/24/25 16:00
4/24/25 12:00,4/24/25 13:30
4/24/25 3:30,4/24/25 5:55
4/24/25 0:45,4/24/25 2:55
4/23/25 22:00,4/24/25 0:20
4/23/25 19:00,4/23/25 21:30
4/23/25 15:20,4/23/25 18:25
4/23/25 13:15,4/23/25 15:10
4/23/25 10:50,4/23/25 13:05
4/23/25 7:55,4/23/25 10:11
4/22/25 21:25,4/22/25 23:30
4/22/25 18:10,4/22/25 20:55